entity_id,temperature,last_changed
sensor.soverom_sensor_temperature_temperature_2,20.985603589466308,2024-11-16T17:00:00.000Z
sensor.soverom_sensor_temperature_temperature_2,15.556954658305557,2024-11-16T18:00:00.000Z
sensor.soverom_sensor_temperature_temperature_2,15,2024-11-16T19:00:00.000Z
sensor.soverom_sensor_temperature_temperature_2,14.910012681361112,2024-11-16T20:00:00.000Z
sensor.soverom_sensor_temperature_temperature_2,14.871237684333336,2024-11-16T21:00:00.000Z
sensor.soverom_sensor_temperature_temperature_2,15.98376361775,2024-11-16T22:00:00.000Z
sensor.soverom_sensor_temperature_temperature_2,15.207585017555557,2024-11-16T23:00:00.000Z
sensor.soverom_sensor_temperature_temperature_2,14.629761296055555,2024-11-17T00:00:00.000Z
sensor.soverom_sensor_temperature_temperature_2,14.36130708436111,2024-11-17T01:00:00.000Z
sensor.soverom_sensor_temperature_temperature_2,14.204757390444444,2024-11-17T02:00:00.000Z
sensor.soverom_sensor_temperature_temperature_2,14.1250116885,2024-11-17T03:00:00.000Z
sensor.soverom_sensor_temperature_temperature_2,14.175006052472222,2024-11-17T04:00:00.000Z
sensor.soverom_sensor_temperature_temperature_2,14.31331293688889,2024-11-17T05:00:00.000Z
sensor.soverom_sensor_temperature_temperature_2,14.582286137972224,2024-11-17T06:00:00.000Z
sensor.soverom_sensor_temperature_temperature_2,14.744018508527779,2024-11-17T07:00:00.000Z
sensor.soverom_sensor_temperature_temperature_2,14.989652494861112,2024-11-17T08:00:00.000Z
sensor.soverom_sensor_temperature_temperature_2,15.417391356444446,2024-11-17T09:00:00.000Z
sensor.soverom_sensor_temperature_temperature_2,15.440466504,2024-11-17T10:00:00.000Z
sensor.soverom_sensor_temperature_temperature_2,15.231150059527778,2024-11-17T11:00:00.000Z
sensor.soverom_sensor_temperature_temperature_2,15.067505375638888,2024-11-17T12:00:00.000Z
sensor.soverom_sensor_temperature_temperature_2,15.07990301475,2024-11-17T13:00:00.000Z
sensor.soverom_sensor_temperature_temperature_2,16.137007491055556,2024-11-17T14:00:00.000Z
sensor.soverom_sensor_temperature_temperature_2,16.553269112749998,2024-11-17T15:00:00.000Z
sensor.soverom_sensor_temperature_temperature_2,16.830798407055557,2024-11-17T16:00:00.000Z
sensor.soverom_sensor_temperature_temperature_2,17.115175911666668,2024-11-17T17:00:00.000Z
sensor.soverom_sensor_temperature_temperature_2,16.99447123211111,2024-11-17T18:00:00.000Z
sensor.soverom_sensor_temperature_temperature_2,16.738079600583333,2024-11-17T19:00:00.000Z
sensor.soverom_sensor_temperature_temperature_2,16.633722321944443,2024-11-17T20:00:00.000Z
sensor.soverom_sensor_temperature_temperature_2,16.675050725638886,2024-11-17T21:00:00.000Z
sensor.soverom_sensor_temperature_temperature_2,16.431450566555554,2024-11-17T22:00:00.000Z
sensor.soverom_sensor_temperature_temperature_2,16.302744433472224,2024-11-17T23:00:00.000Z
sensor.soverom_sensor_temperature_temperature_2,16.206847937666666,2024-11-18T00:00:00.000Z
sensor.soverom_sensor_temperature_temperature_2,16.22499704122222,2024-11-18T01:00:00.000Z
sensor.soverom_sensor_temperature_temperature_2,16.2,2024-11-18T02:00:00.000Z
sensor.soverom_sensor_temperature_temperature_2,16.09200626675,2024-11-18T03:00:00.000Z
sensor.soverom_sensor_temperature_temperature_2,16.032049874888887,2024-11-18T04:00:00.000Z
sensor.soverom_sensor_temperature_temperature_2,15.90710386277778,2024-11-18T05:00:00.000Z
sensor.soverom_sensor_temperature_temperature_2,16.02953322027778,2024-11-18T06:00:00.000Z
sensor.soverom_sensor_temperature_temperature_2,16.414589807055556,2024-11-18T07:00:00.000Z
sensor.soverom_sensor_temperature_temperature_2,16.12464554972222,2024-11-18T08:00:00.000Z
sensor.soverom_sensor_temperature_temperature_2,15.989693096944444,2024-11-18T09:00:00.000Z
sensor.soverom_sensor_temperature_temperature_2,15.9,2024-11-18T10:00:00.000Z
sensor.soverom_sensor_temperature_temperature_2,15.89070110675,2024-11-18T11:00:00.000Z
sensor.soverom_sensor_temperature_temperature_2,15.824997363722224,2024-11-18T12:00:00.000Z
sensor.soverom_sensor_temperature_temperature_2,15.824998886194445,2024-11-18T13:00:00.000Z
sensor.soverom_sensor_temperature_temperature_2,15.800000000000002,2024-11-18T14:00:00.000Z
sensor.soverom_sensor_temperature_temperature_2,15.8845754085,2024-11-18T15:00:00.000Z
sensor.soverom_sensor_temperature_temperature_2,16.051712979944444,2024-11-18T16:00:00.000Z
sensor.soverom_sensor_temperature_temperature_2,15.941481588444445,2024-11-18T17:00:00.000Z
sensor.soverom_sensor_temperature_temperature_2,15.528127875166666,2024-11-18T18:00:00.000Z
sensor.soverom_sensor_temperature_temperature_2,15.09698743036111,2024-11-18T19:00:00.000Z
sensor.soverom_sensor_temperature_temperature_2,14.731927155527778,2024-11-18T20:00:00.000Z
sensor.soverom_sensor_temperature_temperature_2,14.69193938125,2024-11-18T21:00:00.000Z
sensor.soverom_sensor_temperature_temperature_2,13.940019833027778,2024-11-18T22:00:00.000Z
sensor.soverom_sensor_temperature_temperature_2,13.396839388611111,2024-11-18T23:00:00.000Z
sensor.soverom_sensor_temperature_temperature_2,13.07656263772222,2024-11-19T00:00:00.000Z
sensor.soverom_sensor_temperature_temperature_2,12.749889332499999,2024-11-19T01:00:00.000Z
sensor.soverom_sensor_temperature_temperature_2,12.487995884777776,2024-11-19T02:00:00.000Z
sensor.soverom_sensor_temperature_temperature_2,12.241754824722221,2024-11-19T03:00:00.000Z
sensor.soverom_sensor_temperature_temperature_2,12.078486377527776,2024-11-19T04:00:00.000Z
sensor.soverom_sensor_temperature_temperature_2,11.899950015333333,2024-11-19T05:00:00.000Z
sensor.soverom_sensor_temperature_temperature_2,12.100106559750001,2024-11-19T06:00:00.000Z
sensor.soverom_sensor_temperature_temperature_2,12.041270521666666,2024-11-19T07:00:00.000Z
sensor.soverom_sensor_temperature_temperature_2,11.808091286888889,2024-11-19T08:00:00.000Z
sensor.soverom_sensor_temperature_temperature_2,11.284900807694443,2024-11-19T09:00:00.000Z
sensor.soverom_sensor_temperature_temperature_2,11.028530419361111,2024-11-19T10:00:00.000Z
sensor.soverom_sensor_temperature_temperature_2,10.867632095972224,2024-11-19T11:00:00.000Z
sensor.soverom_sensor_temperature_temperature_2,10.612689981277777,2024-11-19T12:00:00.000Z
sensor.soverom_sensor_temperature_temperature_2,10.378103953805557,2024-11-19T13:00:00.000Z
sensor.soverom_sensor_temperature_temperature_2,10.192945264388888,2024-11-19T14:00:00.000Z
sensor.soverom_sensor_temperature_temperature_2,9.917513861249999,2024-11-19T15:00:00.000Z
sensor.soverom_sensor_temperature_temperature_2,9.580230891138887,2024-11-19T16:00:00.000Z
sensor.soverom_sensor_temperature_temperature_2,9.5126679125,2024-11-19T17:00:00.000Z
sensor.soverom_sensor_temperature_temperature_2,10.19671538325,2024-11-19T18:00:00.000Z
sensor.soverom_sensor_temperature_temperature_2,9.878900025611111,2024-11-19T19:00:00.000Z
sensor.soverom_sensor_temperature_temperature_2,9.757897947222222,2024-11-19T20:00:00.000Z
sensor.soverom_sensor_temperature_temperature_2,12.179016129555556,2024-11-19T21:00:00.000Z
sensor.soverom_sensor_temperature_temperature_2,12.200433843888888,2024-11-19T22:00:00.000Z
sensor.soverom_sensor_temperature_temperature_2,11.91061618475,2024-11-19T23:00:00.000Z
sensor.soverom_sensor_temperature_temperature_2,11.9,2024-11-20T00:00:00.000Z
sensor.soverom_sensor_temperature_temperature_2,11.9,2024-11-20T01:00:00.000Z
sensor.soverom_sensor_temperature_temperature_2,11.842258145555556,2024-11-20T04:00:00.000Z
sensor.soverom_sensor_temperature_temperature_2,11.814039287388889,2024-11-20T05:00:00.000Z
sensor.soverom_sensor_temperature_temperature_2,12.296066353694444,2024-11-20T06:00:00.000Z
sensor.soverom_sensor_temperature_temperature_2,12.34846255288889,2024-11-20T07:00:00.000Z
sensor.soverom_sensor_temperature_temperature_2,11.869691010805555,2024-11-20T08:00:00.000Z
sensor.soverom_sensor_temperature_temperature_2,11.49511589538889,2024-11-20T09:00:00.000Z
sensor.soverom_sensor_temperature_temperature_2,11.32251849863889,2024-11-20T10:00:00.000Z
sensor.soverom_sensor_temperature_temperature_2,11.149390255138888,2024-11-20T11:00:00.000Z
sensor.soverom_sensor_temperature_temperature_2,11.031758003416668,2024-11-20T12:00:00.000Z
sensor.soverom_sensor_temperature_temperature_2,10.897825492694444,2024-11-20T13:00:00.000Z
sensor.soverom_sensor_temperature_temperature_2,10.76148459825,2024-11-20T14:00:00.000Z
sensor.soverom_sensor_temperature_temperature_2,10.632572697055556,2024-11-20T15:00:00.000Z
sensor.soverom_sensor_temperature_temperature_2,10.53325909836111,2024-11-20T16:00:00.000Z
sensor.soverom_sensor_temperature_temperature_2,10.965159439194444,2024-11-20T17:00:00.000Z
sensor.soverom_sensor_temperature_temperature_2,10.854831006666666,2024-11-20T18:00:00.000Z
sensor.soverom_sensor_temperature_temperature_2,10.54831961675,2024-11-20T19:00:00.000Z
sensor.soverom_sensor_temperature_temperature_2,10.32358437013889,2024-11-20T20:00:00.000Z
sensor.soverom_sensor_temperature_temperature_2,10.389515448222221,2024-11-20T21:00:00.000Z
sensor.soverom_sensor_temperature_temperature_2,10.5,2024-11-20T22:00:00.000Z
sensor.soverom_sensor_temperature_temperature_2,10.524998580472221,2024-11-20T23:00:00.000Z
sensor.soverom_sensor_temperature_temperature_2,10.588062949361111,2024-11-21T00:00:00.000Z
sensor.soverom_sensor_temperature_temperature_2,10.688019329361111,2024-11-21T01:00:00.000Z
sensor.soverom_sensor_temperature_temperature_2,10.725000573805554,2024-11-21T02:00:00.000Z
sensor.soverom_sensor_temperature_temperature_2,10.762866710833334,2024-11-21T03:00:00.000Z
sensor.soverom_sensor_temperature_temperature_2,10.775002780833333,2024-11-21T04:00:00.000Z
sensor.soverom_sensor_temperature_temperature_2,10.762222700555556,2024-11-21T05:00:00.000Z
sensor.soverom_sensor_temperature_temperature_2,11.006307980944444,2024-11-21T06:00:00.000Z
sensor.soverom_sensor_temperature_temperature_2,11.587115321083333,2024-11-21T07:00:00.000Z
sensor.soverom_sensor_temperature_temperature_2,11.144506053333332,2024-11-21T08:00:00.000Z
sensor.soverom_sensor_temperature_temperature_2,10.73637898772222,2024-11-21T09:00:00.000Z
sensor.soverom_sensor_temperature_temperature_2,10.485340606888888,2024-11-21T10:00:00.000Z
sensor.soverom_sensor_temperature_temperature_2,10.290920908805555,2024-11-21T11:00:00.000Z
sensor.soverom_sensor_temperature_temperature_2,10.16229826411111,2024-11-21T12:00:00.000Z
sensor.soverom_sensor_temperature_temperature_2,9.987962860972223,2024-11-21T13:00:00.000Z
sensor.soverom_sensor_temperature_temperature_2,9.785304203083333,2024-11-21T14:00:00.000Z
sensor.soverom_sensor_temperature_temperature_2,9.662435721388889,2024-11-21T15:00:00.000Z
sensor.soverom_sensor_temperature_temperature_2,9.473752722666667,2024-11-21T16:00:00.000Z
sensor.soverom_sensor_temperature_temperature_2,9.33752961938889,2024-11-21T17:00:00.000Z
sensor.soverom_sensor_temperature_temperature_2,9.200203305138889,2024-11-21T18:00:00.000Z
sensor.soverom_sensor_temperature_temperature_2,9.147135457361111,2024-11-21T19:00:00.000Z
sensor.soverom_sensor_temperature_temperature_2,10.881321374611112,2024-11-21T20:00:00.000Z
sensor.soverom_sensor_temperature_temperature_2,11.108541427083333,2024-11-21T21:00:00.000Z
sensor.soverom_sensor_temperature_temperature_2,11.013069179250001,2024-11-21T22:00:00.000Z
sensor.soverom_sensor_temperature_temperature_2,10.694108601666665,2024-11-21T23:00:00.000Z
sensor.soverom_sensor_temperature_temperature_2,10.55463975975,2024-11-22T00:00:00.000Z
sensor.soverom_sensor_temperature_temperature_2,10.560606721722221,2024-11-22T01:00:00.000Z
sensor.soverom_sensor_temperature_temperature_2,10.575001911194443,2024-11-22T02:00:00.000Z
sensor.soverom_sensor_temperature_temperature_2,10.553965172222222,2024-11-22T03:00:00.000Z
sensor.soverom_sensor_temperature_temperature_2,10.56244542975,2024-11-22T04:00:00.000Z
sensor.soverom_sensor_temperature_temperature_2,10.529957367277778,2024-11-22T05:00:00.000Z
sensor.soverom_sensor_temperature_temperature_2,10.545052187305556,2024-11-22T06:00:00.000Z
sensor.soverom_sensor_temperature_temperature_2,10.789998207666669,2024-11-22T07:00:00.000Z
sensor.soverom_sensor_temperature_temperature_2,11.261613592916667,2024-11-22T08:00:00.000Z
sensor.soverom_sensor_temperature_temperature_2,11.82396214763889,2024-11-22T09:00:00.000Z
sensor.soverom_sensor_temperature_temperature_2,12.34710206663889,2024-11-22T10:00:00.000Z
sensor.soverom_sensor_temperature_temperature_2,12.783454753472222,2024-11-22T11:00:00.000Z
sensor.soverom_sensor_temperature_temperature_2,13.177951587722221,2024-11-22T12:00:00.000Z
sensor.soverom_sensor_temperature_temperature_2,13.48428120127778,2024-11-22T13:00:00.000Z
sensor.soverom_sensor_temperature_temperature_2,13.776082221833335,2024-11-22T14:00:00.000Z
sensor.soverom_sensor_temperature_temperature_2,13.656224196194444,2024-11-22T15:00:00.000Z
sensor.soverom_sensor_temperature_temperature_2,13.346948054222223,2024-11-22T16:00:00.000Z
sensor.soverom_sensor_temperature_temperature_2,13.539882464777778,2024-11-22T17:00:00.000Z
sensor.soverom_sensor_temperature_temperature_2,14.018681847722222,2024-11-22T18:00:00.000Z
sensor.soverom_sensor_temperature_temperature_2,14.336380009638889,2024-11-22T19:00:00.000Z
sensor.soverom_sensor_temperature_temperature_2,14.634178258888888,2024-11-22T20:00:00.000Z
sensor.soverom_sensor_temperature_temperature_2,15.093549657138889,2024-11-22T21:00:00.000Z
sensor.soverom_sensor_temperature_temperature_2,15.493882888333333,2024-11-22T22:00:00.000Z
sensor.soverom_sensor_temperature_temperature_2,15.126022753861113,2024-11-22T23:00:00.000Z
sensor.soverom_sensor_temperature_temperature_2,14.618442722611112,2024-11-23T00:00:00.000Z
sensor.soverom_sensor_temperature_temperature_2,14.277897551194444,2024-11-23T01:00:00.000Z
sensor.soverom_sensor_temperature_temperature_2,14.111240248027777,2024-11-23T02:00:00.000Z
sensor.soverom_sensor_temperature_temperature_2,13.920255960583333,2024-11-23T03:00:00.000Z
sensor.soverom_sensor_temperature_temperature_2,13.734296727527777,2024-11-23T04:00:00.000Z
sensor.soverom_sensor_temperature_temperature_2,13.638262932305556,2024-11-23T05:00:00.000Z
sensor.soverom_sensor_temperature_temperature_2,13.520597739138887,2024-11-23T06:00:00.000Z
sensor.soverom_sensor_temperature_temperature_2,13.397883138888888,2024-11-23T07:00:00.000Z
sensor.soverom_sensor_temperature_temperature_2,13.33717569413889,2024-11-23T08:00:00.000Z
sensor.soverom_sensor_temperature_temperature_2,13.4330879425,2024-11-23T09:00:00.000Z
sensor.soverom_sensor_temperature_temperature_2,13.583478188055556,2024-11-23T10:00:00.000Z
sensor.soverom_sensor_temperature_temperature_2,13.270838831250002,2024-11-23T11:00:00.000Z
sensor.soverom_sensor_temperature_temperature_2,12.991801868777777,2024-11-23T12:00:00.000Z
sensor.soverom_sensor_temperature_temperature_2,12.729371716972222,2024-11-23T13:00:00.000Z
sensor.soverom_sensor_temperature_temperature_2,12.496624141583332,2024-11-23T14:00:00.000Z
sensor.soverom_sensor_temperature_temperature_2,12.2967474425,2024-11-23T15:00:00.000Z
sensor.soverom_sensor_temperature_temperature_2,12.074943447361113,2024-11-23T16:00:00.000Z
sensor.soverom_sensor_temperature_temperature_2,12.329502136611111,2024-11-23T17:00:00.000Z
sensor.soverom_sensor_temperature_temperature_2,12.589230556027777,2024-11-23T18:00:00.000Z
sensor.soverom_sensor_temperature_temperature_2,12.6,2024-11-23T19:00:00.000Z
sensor.soverom_sensor_temperature_temperature_2,12.440202176555553,2024-11-23T20:00:00.000Z
sensor.soverom_sensor_temperature_temperature_2,12.250058040833332,2024-11-23T21:00:00.000Z
sensor.soverom_sensor_temperature_temperature_2,12.199999999999998,2024-11-23T22:00:00.000Z
sensor.soverom_sensor_temperature_temperature_2,12.251138395694445,2024-11-23T23:00:00.000Z
sensor.soverom_sensor_temperature_temperature_2,12.377101977,2024-11-24T00:00:00.000Z
sensor.soverom_sensor_temperature_temperature_2,12.588221613916666,2024-11-24T01:00:00.000Z
sensor.soverom_sensor_temperature_temperature_2,12.706809341333333,2024-11-24T02:00:00.000Z
sensor.soverom_sensor_temperature_temperature_2,12.776749809916666,2024-11-24T03:00:00.000Z
sensor.soverom_sensor_temperature_temperature_2,12.925790965944444,2024-11-24T04:00:00.000Z
sensor.soverom_sensor_temperature_temperature_2,13,2024-11-24T05:00:00.000Z
sensor.soverom_sensor_temperature_temperature_2,13.128533604722222,2024-11-24T06:00:00.000Z
sensor.soverom_sensor_temperature_temperature_2,13.199999999999998,2024-11-24T07:00:00.000Z
sensor.soverom_sensor_temperature_temperature_2,13.327330524555556,2024-11-24T08:00:00.000Z
sensor.soverom_sensor_temperature_temperature_2,14.077510147916668,2024-11-24T09:00:00.000Z
sensor.soverom_sensor_temperature_temperature_2,14.199999999999998,2024-11-24T10:00:00.000Z
sensor.soverom_sensor_temperature_temperature_2,14.158782110749998,2024-11-24T11:00:00.000Z
sensor.soverom_sensor_temperature_temperature_2,14.149696611972223,2024-11-24T12:00:00.000Z
sensor.soverom_sensor_temperature_temperature_2,13.974562513166667,2024-11-24T13:00:00.000Z
sensor.soverom_sensor_temperature_temperature_2,13.83304061913889,2024-11-24T14:00:00.000Z
sensor.soverom_sensor_temperature_temperature_2,13.934636955444445,2024-11-24T15:00:00.000Z
sensor.soverom_sensor_temperature_temperature_2,14.124994092444444,2024-11-24T16:00:00.000Z
sensor.soverom_sensor_temperature_temperature_2,14.360381965111111,2024-11-24T17:00:00.000Z
sensor.soverom_sensor_temperature_temperature_2,14.734617130305557,2024-11-24T18:00:00.000Z
sensor.soverom_sensor_temperature_temperature_2,14.782154103944444,2024-11-24T19:00:00.000Z
sensor.soverom_sensor_temperature_temperature_2,14.776318670666667,2024-11-24T20:00:00.000Z
sensor.soverom_sensor_temperature_temperature_2,14.834787105805555,2024-11-24T21:00:00.000Z
sensor.soverom_sensor_temperature_temperature_2,14.935116219722223,2024-11-24T22:00:00.000Z
sensor.soverom_sensor_temperature_temperature_2,14.991218874666666,2024-11-24T23:00:00.000Z
sensor.soverom_sensor_temperature_temperature_2,15.131497086138888,2024-11-25T00:00:00.000Z
sensor.soverom_sensor_temperature_temperature_2,15.315977872972221,2024-11-25T01:00:00.000Z
sensor.soverom_sensor_temperature_temperature_2,15.510056517055554,2024-11-25T02:00:00.000Z
sensor.soverom_sensor_temperature_temperature_2,15.688931950749998,2024-11-25T03:00:00.000Z
sensor.soverom_sensor_temperature_temperature_2,15.757770304777777,2024-11-25T04:00:00.000Z
sensor.soverom_sensor_temperature_temperature_2,15.803410091527779,2024-11-25T05:00:00.000Z
sensor.soverom_sensor_temperature_temperature_2,15.972880216361112,2024-11-25T06:00:00.000Z
sensor.soverom_sensor_temperature_temperature_2,16.071995478916666,2024-11-25T07:00:00.000Z
sensor.soverom_sensor_temperature_temperature_2,15.880997174138889,2024-11-25T08:00:00.000Z
sensor.soverom_sensor_temperature_temperature_2,15.672577152083333,2024-11-25T09:00:00.000Z
sensor.soverom_sensor_temperature_temperature_2,15.510260151722221,2024-11-25T10:00:00.000Z
sensor.soverom_sensor_temperature_temperature_2,15.4,2024-11-25T11:00:00.000Z
sensor.soverom_sensor_temperature_temperature_2,15.28114164363889,2024-11-25T12:00:00.000Z
sensor.soverom_sensor_temperature_temperature_2,15.210661663277778,2024-11-25T13:00:00.000Z
sensor.soverom_sensor_temperature_temperature_2,15.155243067527778,2024-11-25T14:00:00.000Z
sensor.soverom_sensor_temperature_temperature_2,14.997212615583335,2024-11-25T15:00:00.000Z
sensor.soverom_sensor_temperature_temperature_2,14.9,2024-11-25T16:00:00.000Z
sensor.soverom_sensor_temperature_temperature_2,14.843118910916667,2024-11-25T17:00:00.000Z
sensor.soverom_sensor_temperature_temperature_2,14.770073393250001,2024-11-25T18:00:00.000Z
sensor.soverom_sensor_temperature_temperature_2,14.743598174972222,2024-11-25T19:00:00.000Z
sensor.soverom_sensor_temperature_temperature_2,14.675000498972222,2024-11-25T20:00:00.000Z
sensor.soverom_sensor_temperature_temperature_2,14.788186412333333,2024-11-25T21:00:00.000Z
sensor.soverom_sensor_temperature_temperature_2,14.956499076611111,2024-11-25T22:00:00.000Z
sensor.soverom_sensor_temperature_temperature_2,15.144339233805555,2024-11-25T23:00:00.000Z
sensor.soverom_sensor_temperature_temperature_2,15.394983010333334,2024-11-26T00:00:00.000Z
sensor.soverom_sensor_temperature_temperature_2,15.64915470022222,2024-11-26T01:00:00.000Z
sensor.soverom_sensor_temperature_temperature_2,15.806208155722222,2024-11-26T02:00:00.000Z
sensor.soverom_sensor_temperature_temperature_2,15.964437921472223,2024-11-26T03:00:00.000Z
sensor.soverom_sensor_temperature_temperature_2,16.138068320444443,2024-11-26T04:00:00.000Z
sensor.soverom_sensor_temperature_temperature_2,16.2,2024-11-26T05:00:00.000Z
sensor.soverom_sensor_temperature_temperature_2,16.317721889444442,2024-11-26T06:00:00.000Z
sensor.soverom_sensor_temperature_temperature_2,16.575065001472222,2024-11-26T07:00:00.000Z
sensor.soverom_sensor_temperature_temperature_2,16.33274287375,2024-11-26T08:00:00.000Z
sensor.soverom_sensor_temperature_temperature_2,16.05794588613889,2024-11-26T09:00:00.000Z
sensor.soverom_sensor_temperature_temperature_2,15.844402757638889,2024-11-26T10:00:00.000Z
sensor.soverom_sensor_temperature_temperature_2,15.687369175138889,2024-11-26T11:00:00.000Z
sensor.soverom_sensor_temperature_temperature_2,15.56955301122222,2024-11-26T12:00:00.000Z
sensor.soverom_sensor_temperature_temperature_2,15.419619468805555,2024-11-26T13:00:00.000Z
sensor.soverom_sensor_temperature_temperature_2,15.319691215861113,2024-11-26T14:00:00.000Z
sensor.soverom_sensor_temperature_temperature_2,15.219762101416665,2024-11-26T15:00:00.000Z
sensor.soverom_sensor_temperature_temperature_2,15.111920571722223,2024-11-26T16:00:00.000Z
sensor.soverom_sensor_temperature_temperature_2,15.055100407055555,2024-11-26T17:00:00.000Z
sensor.soverom_sensor_temperature_temperature_2,15.095032700888888,2024-11-26T18:00:00.000Z
sensor.soverom_sensor_temperature_temperature_2,14.966684977166667,2024-11-26T19:00:00.000Z
sensor.soverom_sensor_temperature_temperature_2,14.895162499694445,2024-11-26T20:00:00.000Z
sensor.soverom_sensor_temperature_temperature_2,14.811785180972223,2024-11-26T21:00:00.000Z
sensor.soverom_sensor_temperature_temperature_2,15.089143951694444,2024-11-26T22:00:00.000Z
sensor.soverom_sensor_temperature_temperature_2,15.199999999999998,2024-11-26T23:00:00.000Z
sensor.soverom_sensor_temperature_temperature_2,15.24817558488889,2024-11-27T00:00:00.000Z
sensor.soverom_sensor_temperature_temperature_2,15.37951785413889,2024-11-27T01:00:00.000Z
sensor.soverom_sensor_temperature_temperature_2,15.479453416722222,2024-11-27T02:00:00.000Z
sensor.soverom_sensor_temperature_temperature_2,15.525002560694444,2024-11-27T03:00:00.000Z
sensor.soverom_sensor_temperature_temperature_2,15.579321760833333,2024-11-27T04:00:00.000Z
sensor.soverom_sensor_temperature_temperature_2,15.679258411944444,2024-11-27T05:00:00.000Z
sensor.soverom_sensor_temperature_temperature_2,15.818170448888887,2024-11-27T06:00:00.000Z
sensor.soverom_sensor_temperature_temperature_2,16.2,2024-11-27T07:00:00.000Z
sensor.soverom_sensor_temperature_temperature_2,15.929637396833334,2024-11-27T08:00:00.000Z
sensor.soverom_sensor_temperature_temperature_2,15.53736328211111,2024-11-27T09:00:00.000Z
sensor.soverom_sensor_temperature_temperature_2,15.327475616055557,2024-11-27T10:00:00.000Z
sensor.soverom_sensor_temperature_temperature_2,15.175204089333333,2024-11-27T11:00:00.000Z
sensor.soverom_sensor_temperature_temperature_2,15.0626689625,2024-11-27T12:00:00.000Z
sensor.soverom_sensor_temperature_temperature_2,14.912729637888889,2024-11-27T13:00:00.000Z
sensor.soverom_sensor_temperature_temperature_2,14.81279063825,2024-11-27T14:00:00.000Z
sensor.soverom_sensor_temperature_temperature_2,14.668091448638888,2024-11-27T15:00:00.000Z
sensor.soverom_sensor_temperature_temperature_2,14.562980795388889,2024-11-27T16:00:00.000Z
sensor.soverom_sensor_temperature_temperature_2,14.487741499805557,2024-11-27T17:00:00.000Z
sensor.soverom_sensor_temperature_temperature_2,14.36310895725,2024-11-27T18:00:00.000Z
sensor.soverom_sensor_temperature_temperature_2,14.293964225944444,2024-11-27T19:00:00.000Z
sensor.soverom_sensor_temperature_temperature_2,14.199999999999998,2024-11-27T20:00:00.000Z
sensor.soverom_sensor_temperature_temperature_2,14.264518989611112,2024-11-27T21:00:00.000Z
sensor.soverom_sensor_temperature_temperature_2,14.48664717863889,2024-11-27T22:00:00.000Z
sensor.soverom_sensor_temperature_temperature_2,14.561582514694445,2024-11-27T23:00:00.000Z
sensor.soverom_sensor_temperature_temperature_2,14.63650905925,2024-11-28T00:00:00.000Z
sensor.soverom_sensor_temperature_temperature_2,14.712292125166668,2024-11-28T01:00:00.000Z
sensor.soverom_sensor_temperature_temperature_2,14.774999652333333,2024-11-28T02:00:00.000Z
sensor.soverom_sensor_temperature_temperature_2,14.800000000000002,2024-11-28T03:00:00.000Z
sensor.soverom_sensor_temperature_temperature_2,14.802190385472223,2024-11-28T04:00:00.000Z
sensor.soverom_sensor_temperature_temperature_2,14.811110880277779,2024-11-28T05:00:00.000Z
sensor.soverom_sensor_temperature_temperature_2,15.0331937635,2024-11-28T06:00:00.000Z
sensor.soverom_sensor_temperature_temperature_2,14.978284045277777,2024-11-28T07:00:00.000Z
sensor.soverom_sensor_temperature_temperature_2,14.692267303777777,2024-11-28T08:00:00.000Z
sensor.soverom_sensor_temperature_temperature_2,14.334534539611111,2024-11-28T09:00:00.000Z
sensor.soverom_sensor_temperature_temperature_2,14.116551619722221,2024-11-28T10:00:00.000Z
sensor.soverom_sensor_temperature_temperature_2,13.896329551694445,2024-11-28T11:00:00.000Z
sensor.soverom_sensor_temperature_temperature_2,13.724999751416666,2024-11-28T12:00:00.000Z
sensor.soverom_sensor_temperature_temperature_2,13.578882018555555,2024-11-28T13:00:00.000Z
sensor.soverom_sensor_temperature_temperature_2,13.42901447575,2024-11-28T14:00:00.000Z
sensor.soverom_sensor_temperature_temperature_2,13.223992957555554,2024-11-28T15:00:00.000Z
sensor.soverom_sensor_temperature_temperature_2,13.043940681277777,2024-11-28T16:00:00.000Z
sensor.soverom_sensor_temperature_temperature_2,12.864727901777778,2024-11-28T17:00:00.000Z
sensor.soverom_sensor_temperature_temperature_2,12.711992435416667,2024-11-28T18:00:00.000Z
sensor.soverom_sensor_temperature_temperature_2,12.637110179611112,2024-11-28T19:00:00.000Z
sensor.soverom_sensor_temperature_temperature_2,12.514920877694443,2024-11-28T20:00:00.000Z
sensor.soverom_sensor_temperature_temperature_2,13.036024278861111,2024-11-28T21:00:00.000Z
sensor.soverom_sensor_temperature_temperature_2,13.165056728388889,2024-11-28T22:00:00.000Z
sensor.soverom_sensor_temperature_temperature_2,13.141277045555555,2024-11-28T23:00:00.000Z
sensor.soverom_sensor_temperature_temperature_2,13.269567282083335,2024-11-29T00:00:00.000Z
sensor.soverom_sensor_temperature_temperature_2,13.434695776111111,2024-11-29T01:00:00.000Z
sensor.soverom_sensor_temperature_temperature_2,13.620543158611111,2024-11-29T02:00:00.000Z
sensor.soverom_sensor_temperature_temperature_2,13.759568113305555,2024-11-29T03:00:00.000Z
sensor.soverom_sensor_temperature_temperature_2,13.800000000000002,2024-11-29T04:00:00.000Z
sensor.soverom_sensor_temperature_temperature_2,13.877120808083333,2024-11-29T05:00:00.000Z
sensor.soverom_sensor_temperature_temperature_2,14.55591284725,2024-11-29T06:00:00.000Z
sensor.soverom_sensor_temperature_temperature_2,14.804582930361113,2024-11-29T07:00:00.000Z
sensor.soverom_sensor_temperature_temperature_2,14.384112002083333,2024-11-29T08:00:00.000Z
sensor.soverom_sensor_temperature_temperature_2,14.047550860361111,2024-11-29T09:00:00.000Z
sensor.soverom_sensor_temperature_temperature_2,13.805630375055557,2024-11-29T10:00:00.000Z
sensor.soverom_sensor_temperature_temperature_2,13.66601518186111,2024-11-29T11:00:00.000Z
sensor.soverom_sensor_temperature_temperature_2,13.56607758275,2024-11-29T12:00:00.000Z
sensor.soverom_sensor_temperature_temperature_2,13.466140773833333,2024-11-29T13:00:00.000Z
sensor.soverom_sensor_temperature_temperature_2,13.4,2024-11-29T14:00:00.000Z
sensor.soverom_sensor_temperature_temperature_2,13.307540175694443,2024-11-29T15:00:00.000Z
sensor.soverom_sensor_temperature_temperature_2,13.29378691025,2024-11-29T16:00:00.000Z
sensor.soverom_sensor_temperature_temperature_2,13.300000000000002,2024-11-29T17:00:00.000Z
sensor.soverom_sensor_temperature_temperature_2,13.542629110222222,2024-11-29T18:00:00.000Z
sensor.soverom_sensor_temperature_temperature_2,13.944611703416667,2024-11-29T19:00:00.000Z
sensor.soverom_sensor_temperature_temperature_2,14.179844877361111,2024-11-29T20:00:00.000Z
sensor.soverom_sensor_temperature_temperature_2,14.38025452913889,2024-11-29T21:00:00.000Z
sensor.soverom_sensor_temperature_temperature_2,14.503067585277778,2024-11-29T22:00:00.000Z
sensor.soverom_sensor_temperature_temperature_2,14.56687053625,2024-11-29T23:00:00.000Z
sensor.soverom_sensor_temperature_temperature_2,14.56311581325,2024-11-30T00:00:00.000Z
sensor.soverom_sensor_temperature_temperature_2,14.532994932166666,2024-11-30T01:00:00.000Z
sensor.soverom_sensor_temperature_temperature_2,14.6,2024-11-30T02:00:00.000Z
sensor.soverom_sensor_temperature_temperature_2,14.670416461027777,2024-11-30T03:00:00.000Z
sensor.soverom_sensor_temperature_temperature_2,14.674998809361112,2024-11-30T04:00:00.000Z
sensor.soverom_sensor_temperature_temperature_2,14.699999999999998,2024-11-30T05:00:00.000Z
sensor.soverom_sensor_temperature_temperature_2,14.7576535285,2024-11-30T06:00:00.000Z
sensor.soverom_sensor_temperature_temperature_2,14.800000000000002,2024-11-30T07:00:00.000Z
sensor.soverom_sensor_temperature_temperature_2,14.814922305555555,2024-11-30T08:00:00.000Z
sensor.soverom_sensor_temperature_temperature_2,15.218105163861111,2024-11-30T09:00:00.000Z
sensor.soverom_sensor_temperature_temperature_2,15.376540567333334,2024-11-30T10:00:00.000Z
sensor.soverom_sensor_temperature_temperature_2,15.489590404805556,2024-11-30T11:00:00.000Z
sensor.soverom_sensor_temperature_temperature_2,16.112678484666667,2024-11-30T12:00:00.000Z
sensor.soverom_sensor_temperature_temperature_2,16.367868237944446,2024-11-30T13:00:00.000Z
sensor.soverom_sensor_temperature_temperature_2,16.27794355725,2024-11-30T14:00:00.000Z
sensor.soverom_sensor_temperature_temperature_2,16.299992266944447,2024-11-30T15:00:00.000Z
sensor.soverom_sensor_temperature_temperature_2,16.48632280102778,2024-11-30T16:00:00.000Z
sensor.soverom_sensor_temperature_temperature_2,16.428574281333333,2024-11-30T17:00:00.000Z
sensor.soverom_sensor_temperature_temperature_2,16.249936220166667,2024-11-30T18:00:00.000Z
sensor.soverom_sensor_temperature_temperature_2,16.642401599194447,2024-11-30T19:00:00.000Z
sensor.soverom_sensor_temperature_temperature_2,16.686752305055556,2024-11-30T20:00:00.000Z
sensor.soverom_sensor_temperature_temperature_2,16.6,2024-11-30T21:00:00.000Z
sensor.soverom_sensor_temperature_temperature_2,16.51030653088889,2024-11-30T22:00:00.000Z
sensor.soverom_sensor_temperature_temperature_2,16.41825118061111,2024-11-30T23:00:00.000Z
sensor.soverom_sensor_temperature_temperature_2,16.44020908788889,2024-12-01T00:00:00.000Z
sensor.soverom_sensor_temperature_temperature_2,16.5,2024-12-01T01:00:00.000Z
sensor.soverom_sensor_temperature_temperature_2,16.53451195697222,2024-12-01T02:00:00.000Z
sensor.soverom_sensor_temperature_temperature_2,16.556107032833335,2024-12-01T03:00:00.000Z
sensor.soverom_sensor_temperature_temperature_2,16.6,2024-12-01T03:26:20.146Z
sensor.soverom_sensor_temperature_temperature_2,16.5,2024-12-01T04:11:22.575Z
sensor.soverom_sensor_temperature_temperature_2,16.6,2024-12-01T04:26:22.625Z
sensor.soverom_sensor_temperature_temperature_2,16.7,2024-12-01T07:25:13.045Z
sensor.soverom_sensor_temperature_temperature_2,16.8,2024-12-01T07:41:31.971Z
sensor.soverom_sensor_temperature_temperature_2,16.7,2024-12-01T08:11:32.229Z
sensor.soverom_sensor_temperature_temperature_2,16.6,2024-12-01T09:11:34.576Z
sensor.soverom_sensor_temperature_temperature_2,16.5,2024-12-01T10:26:39.185Z
sensor.soverom_sensor_temperature_temperature_2,16.4,2024-12-01T10:56:39.497Z
sensor.soverom_sensor_temperature_temperature_2,16.5,2024-12-01T11:04:53.499Z
sensor.soverom_sensor_temperature_temperature_2,16.4,2024-12-01T11:11:41.627Z
sensor.soverom_sensor_temperature_temperature_2,16.3,2024-12-01T11:38:24.230Z
sensor.soverom_sensor_temperature_temperature_2,16.4,2024-12-01T11:41:41.827Z
sensor.soverom_sensor_temperature_temperature_2,16.3,2024-12-01T11:56:42.042Z
sensor.soverom_sensor_temperature_temperature_2,16.4,2024-12-01T11:59:48.682Z
sensor.soverom_sensor_temperature_temperature_2,16.3,2024-12-01T12:26:44.302Z
sensor.soverom_sensor_temperature_temperature_2,16.2,2024-12-01T13:41:47.082Z
sensor.soverom_sensor_temperature_temperature_2,16.1,2024-12-01T14:41:49.534Z
sensor.soverom_sensor_temperature_temperature_2,16.2,2024-12-01T15:56:54.180Z
sensor.soverom_sensor_temperature_temperature_2,16.3,2024-12-01T16:11:54.163Z
sensor.soverom_sensor_temperature_temperature_2,16.4,2024-12-01T17:41:58.471Z
sensor.soverom_sensor_temperature_temperature_2,16.5,2024-12-01T18:11:58.533Z
sensor.soverom_sensor_temperature_temperature_2,16.4,2024-12-01T18:24:13.910Z
sensor.soverom_sensor_temperature_temperature_2,16.3,2024-12-01T18:57:00.640Z
sensor.soverom_sensor_temperature_temperature_2,16.4,2024-12-01T19:12:00.621Z
sensor.soverom_sensor_temperature_temperature_2,16.3,2024-12-01T19:19:08.699Z
sensor.soverom_sensor_temperature_temperature_2,16.2,2024-12-01T19:42:02.766Z
sensor.soverom_sensor_temperature_temperature_2,16.3,2024-12-01T20:14:03.602Z
sensor.soverom_sensor_temperature_temperature_2,16.2,2024-12-01T20:27:04.930Z
sensor.soverom_sensor_temperature_temperature_2,16.3,2024-12-01T20:57:05.148Z
sensor.soverom_sensor_temperature_temperature_2,16.4,2024-12-01T21:08:58.648Z
sensor.soverom_sensor_temperature_temperature_2,16.5,2024-12-01T21:42:07.401Z
sensor.soverom_sensor_temperature_temperature_2,16.6,2024-12-01T22:03:53.693Z
sensor.soverom_sensor_temperature_temperature_2,16.7,2024-12-01T22:57:10.059Z
sensor.soverom_sensor_temperature_temperature_2,16.8,2024-12-01T23:12:12.117Z
sensor.soverom_sensor_temperature_temperature_2,17.0,2024-12-01T23:42:12.357Z
sensor.soverom_sensor_temperature_temperature_2,17.2,2024-12-01T23:53:43.965Z
sensor.soverom_sensor_temperature_temperature_2,17.3,2024-12-01T23:57:14.554Z
sensor.soverom_sensor_temperature_temperature_2,17.4,2024-12-01T23:58:42.373Z
sensor.soverom_sensor_temperature_temperature_2,17.3,2024-12-02T00:12:14.609Z
sensor.soverom_sensor_temperature_temperature_2,17.2,2024-12-02T00:48:39.076Z
sensor.soverom_sensor_temperature_temperature_2,17.1,2024-12-02T02:12:19.628Z
sensor.soverom_sensor_temperature_temperature_2,17.2,2024-12-02T02:27:19.749Z
sensor.soverom_sensor_temperature_temperature_2,17.1,2024-12-02T02:38:29.373Z
sensor.soverom_sensor_temperature_temperature_2,17.2,2024-12-02T02:42:21.948Z
sensor.soverom_sensor_temperature_temperature_2,17.3,2024-12-02T04:42:27.165Z
sensor.soverom_sensor_temperature_temperature_2,17.4,2024-12-02T06:12:29.997Z
sensor.soverom_sensor_temperature_temperature_2,17.6,2024-12-02T06:27:32.171Z
sensor.soverom_sensor_temperature_temperature_2,17.7,2024-12-02T06:42:32.344Z
sensor.soverom_sensor_temperature_temperature_2,17.9,2024-12-02T06:56:15.692Z
sensor.soverom_sensor_temperature_temperature_2,18.0,2024-12-02T07:13:05.583Z
sensor.soverom_sensor_temperature_temperature_2,17.9,2024-12-02T07:27:34.847Z
sensor.soverom_sensor_temperature_temperature_2,17.7,2024-12-02T07:57:35.314Z
sensor.soverom_sensor_temperature_temperature_2,17.6,2024-12-02T08:27:37.653Z
sensor.soverom_sensor_temperature_temperature_2,17.5,2024-12-02T08:42:37.842Z
sensor.soverom_sensor_temperature_temperature_2,17.4,2024-12-02T08:57:38.034Z
sensor.soverom_sensor_temperature_temperature_2,17.3,2024-12-02T09:12:40.140Z
sensor.soverom_sensor_temperature_temperature_2,17.2,2024-12-02T09:27:40.290Z
sensor.soverom_sensor_temperature_temperature_2,17.1,2024-12-02T09:57:40.681Z
sensor.soverom_sensor_temperature_temperature_2,17.0,2024-12-02T10:12:42.800Z
sensor.soverom_sensor_temperature_temperature_2,16.9,2024-12-02T10:27:42.884Z
sensor.soverom_sensor_temperature_temperature_2,16.8,2024-12-02T10:42:10.074Z
sensor.soverom_sensor_temperature_temperature_2,16.9,2024-12-02T10:42:43.020Z
sensor.soverom_sensor_temperature_temperature_2,16.8,2024-12-02T10:52:46.802Z
sensor.soverom_sensor_temperature_temperature_2,16.6,2024-12-02T11:27:45.353Z
sensor.soverom_sensor_temperature_temperature_2,16.5,2024-12-02T12:12:47.718Z
sensor.soverom_sensor_temperature_temperature_2,16.3,2024-12-02T12:36:56.591Z
sensor.soverom_sensor_temperature_temperature_2,16.4,2024-12-02T12:42:36.927Z
sensor.soverom_sensor_temperature_temperature_2,16.3,2024-12-02T12:57:50.013Z
sensor.soverom_sensor_temperature_temperature_2,16.2,2024-12-02T13:12:50.028Z
sensor.soverom_sensor_temperature_temperature_2,16.1,2024-12-02T13:27:50.140Z
sensor.soverom_sensor_temperature_temperature_2,16.0,2024-12-02T13:37:31.938Z
sensor.soverom_sensor_temperature_temperature_2,15.9,2024-12-02T14:12:52.526Z
sensor.soverom_sensor_temperature_temperature_2,15.8,2024-12-02T14:23:29.157Z
sensor.soverom_sensor_temperature_temperature_2,15.7,2024-12-02T14:57:54.940Z
sensor.soverom_sensor_temperature_temperature_2,15.6,2024-12-02T15:12:54.973Z
sensor.soverom_sensor_temperature_temperature_2,15.5,2024-12-02T15:27:22.139Z
sensor.soverom_sensor_temperature_temperature_2,15.6,2024-12-02T15:57:57.295Z
sensor.soverom_sensor_temperature_temperature_2,15.7,2024-12-02T16:12:57.313Z
sensor.soverom_sensor_temperature_temperature_2,15.8,2024-12-02T16:22:17.151Z
sensor.soverom_sensor_temperature_temperature_2,15.7,2024-12-02T16:57:59.684Z
sensor.soverom_sensor_temperature_temperature_2,15.6,2024-12-02T17:12:59.690Z
sensor.soverom_sensor_temperature_temperature_2,15.5,2024-12-02T17:28:01.780Z
sensor.soverom_sensor_temperature_temperature_2,15.4,2024-12-02T17:43:01.915Z
sensor.soverom_sensor_temperature_temperature_2,15.3,2024-12-02T18:33:44.435Z
sensor.soverom_sensor_temperature_temperature_2,15.2,2024-12-02T19:28:06.492Z
sensor.soverom_sensor_temperature_temperature_2,15.1,2024-12-02T20:01:57.266Z
sensor.soverom_sensor_temperature_temperature_2,15.0,2024-12-02T20:28:08.846Z
sensor.soverom_sensor_temperature_temperature_2,14.9,2024-12-02T20:56:52.213Z
sensor.soverom_sensor_temperature_temperature_2,15.0,2024-12-02T20:58:11.052Z
sensor.soverom_sensor_temperature_temperature_2,15.1,2024-12-02T21:13:11.128Z
sensor.soverom_sensor_temperature_temperature_2,15.2,2024-12-02T21:28:11.167Z
sensor.soverom_sensor_temperature_temperature_2,15.1,2024-12-02T21:51:47.252Z
sensor.soverom_sensor_temperature_temperature_2,15.0,2024-12-02T22:58:15.865Z
sensor.soverom_sensor_temperature_temperature_2,15.1,2024-12-03T00:58:20.588Z
sensor.soverom_sensor_temperature_temperature_2,15.0,2024-12-03T01:31:27.343Z
sensor.soverom_sensor_temperature_temperature_2,15.1,2024-12-03T01:43:22.859Z
sensor.soverom_sensor_temperature_temperature_2,15.0,2024-12-03T03:28:27.441Z
sensor.soverom_sensor_temperature_temperature_2,14.9,2024-12-03T04:16:12.276Z
sensor.soverom_sensor_temperature_temperature_2,14.8,2024-12-03T05:28:32.128Z
sensor.soverom_sensor_temperature_temperature_2,14.9,2024-12-03T05:43:32.274Z
sensor.soverom_sensor_temperature_temperature_2,15.0,2024-12-03T05:58:32.371Z
sensor.soverom_sensor_temperature_temperature_2,15.2,2024-12-03T06:13:34.455Z
sensor.soverom_sensor_temperature_temperature_2,15.4,2024-12-03T07:13:36.906Z
sensor.soverom_sensor_temperature_temperature_2,15.3,2024-12-03T07:55:52.687Z
sensor.soverom_sensor_temperature_temperature_2,15.2,2024-12-03T08:28:39.537Z
sensor.soverom_sensor_temperature_temperature_2,15.1,2024-12-03T08:43:39.707Z
sensor.soverom_sensor_temperature_temperature_2,15.0,2024-12-03T09:13:41.896Z
sensor.soverom_sensor_temperature_temperature_2,14.9,2024-12-03T10:13:44.179Z
sensor.soverom_sensor_temperature_temperature_2,15.0,2024-12-03T10:40:37.742Z
sensor.soverom_sensor_temperature_temperature_2,14.9,2024-12-03T10:43:46.435Z
sensor.soverom_sensor_temperature_temperature_2,14.8,2024-12-03T11:13:46.594Z
sensor.soverom_sensor_temperature_temperature_2,14.9,2024-12-03T11:28:46.649Z
sensor.soverom_sensor_temperature_temperature_2,14.8,2024-12-03T11:35:32.827Z
sensor.soverom_sensor_temperature_temperature_2,14.7,2024-12-03T12:43:51.264Z
sensor.soverom_sensor_temperature_temperature_2,14.6,2024-12-03T14:13:53.837Z
sensor.soverom_sensor_temperature_temperature_2,14.5,2024-12-03T15:13:56.256Z
sensor.soverom_sensor_temperature_temperature_2,14.4,2024-12-03T15:15:13.120Z
sensor.soverom_sensor_temperature_temperature_2,14.3,2024-12-03T15:42:41.654Z
sensor.soverom_sensor_temperature_temperature_2,14.2,2024-12-03T15:58:58.592Z
sensor.soverom_sensor_temperature_temperature_2,14.1,2024-12-03T16:14:00.703Z
sensor.soverom_sensor_temperature_temperature_2,14.0,2024-12-03T16:44:00.940Z
sensor.soverom_sensor_temperature_temperature_2,13.9,2024-12-03T16:59:01.060Z
sensor.soverom_sensor_temperature_temperature_2,13.8,2024-12-03T17:14:03.159Z
sensor.soverom_sensor_temperature_temperature_2,13.7,2024-12-03T17:20:38.320Z
sensor.soverom_sensor_temperature_temperature_2,13.8,2024-12-03T17:29:03.224Z
sensor.soverom_sensor_temperature_temperature_2,13.7,2024-12-03T17:44:03.380Z
sensor.soverom_sensor_temperature_temperature_2,13.6,2024-12-03T17:59:58.356Z
sensor.soverom_sensor_temperature_temperature_2,13.5,2024-12-03T18:44:05.590Z
sensor.soverom_sensor_temperature_temperature_2,13.4,2024-12-03T19:14:07.763Z
sensor.soverom_sensor_temperature_temperature_2,13.5,2024-12-03T19:49:48.235Z
sensor.soverom_sensor_temperature_temperature_2,13.7,2024-12-03T19:59:10.039Z
sensor.soverom_sensor_temperature_temperature_2,13.8,2024-12-03T20:14:10.135Z
sensor.soverom_sensor_temperature_temperature_2,13.7,2024-12-03T20:29:10.206Z
sensor.soverom_sensor_temperature_temperature_2,13.8,2024-12-03T21:14:12.460Z
sensor.soverom_sensor_temperature_temperature_2,13.9,2024-12-03T21:29:12.562Z
sensor.soverom_sensor_temperature_temperature_2,14.0,2024-12-03T21:39:38.200Z
sensor.soverom_sensor_temperature_temperature_2,13.9,2024-12-03T22:59:17.055Z
sensor.soverom_sensor_temperature_temperature_2,14.0,2024-12-03T23:14:17.090Z
sensor.soverom_sensor_temperature_temperature_2,13.9,2024-12-03T23:29:17.123Z
sensor.soverom_sensor_temperature_temperature_2,14.0,2024-12-03T23:59:19.350Z
sensor.soverom_sensor_temperature_temperature_2,14.1,2024-12-04T00:59:21.604Z
sensor.soverom_sensor_temperature_temperature_2,14.2,2024-12-04T01:59:23.853Z
sensor.soverom_sensor_temperature_temperature_2,14.1,2024-12-04T02:14:26.003Z
sensor.soverom_sensor_temperature_temperature_2,14.2,2024-12-04T02:29:26.097Z
sensor.soverom_sensor_temperature_temperature_2,14.3,2024-12-04T03:44:28.678Z
sensor.soverom_sensor_temperature_temperature_2,14.6,2024-12-04T06:44:35.681Z
sensor.soverom_sensor_temperature_temperature_2,14.8,2024-12-04T06:55:36.308Z
sensor.soverom_sensor_temperature_temperature_2,14.7,2024-12-04T07:59:40.198Z
sensor.soverom_sensor_temperature_temperature_2,14.6,2024-12-04T08:14:40.356Z
sensor.soverom_sensor_temperature_temperature_2,14.4,2024-12-04T08:29:40.456Z
sensor.soverom_sensor_temperature_temperature_2,14.3,2024-12-04T08:44:42.530Z
sensor.soverom_sensor_temperature_temperature_2,14.2,2024-12-04T09:14:42.712Z
sensor.soverom_sensor_temperature_temperature_2,14.1,2024-12-04T09:29:42.768Z
sensor.soverom_sensor_temperature_temperature_2,14.0,2024-12-04T09:44:44.831Z
sensor.soverom_sensor_temperature_temperature_2,13.9,2024-12-04T10:14:45.034Z
sensor.soverom_sensor_temperature_temperature_2,13.8,2024-12-04T10:28:28.294Z
sensor.soverom_sensor_temperature_temperature_2,13.9,2024-12-04T10:29:47.135Z
sensor.soverom_sensor_temperature_temperature_2,13.8,2024-12-04T10:44:47.144Z
sensor.soverom_sensor_temperature_temperature_2,13.7,2024-12-04T10:49:54.461Z
sensor.soverom_sensor_temperature_temperature_2,13.8,2024-12-04T10:59:47.216Z
sensor.soverom_sensor_temperature_temperature_2,13.7,2024-12-04T11:14:47.326Z
sensor.soverom_sensor_temperature_temperature_2,13.6,2024-12-04T11:44:49.439Z
sensor.soverom_sensor_temperature_temperature_2,13.5,2024-12-04T12:14:49.677Z
sensor.soverom_sensor_temperature_temperature_2,13.6,2024-12-04T12:18:18.260Z
sensor.soverom_sensor_temperature_temperature_2,13.5,2024-12-04T12:29:51.773Z
sensor.soverom_sensor_temperature_temperature_2,13.4,2024-12-04T12:59:51.813Z
sensor.soverom_sensor_temperature_temperature_2,13.3,2024-12-04T13:44:54.063Z
sensor.soverom_sensor_temperature_temperature_2,13.2,2024-12-04T14:05:23.384Z
sensor.soverom_sensor_temperature_temperature_2,13.1,2024-12-04T14:59:56.370Z
sensor.soverom_sensor_temperature_temperature_2,13.0,2024-12-04T15:44:58.603Z
sensor.soverom_sensor_temperature_temperature_2,12.9,2024-12-04T16:30:00.868Z
sensor.soverom_sensor_temperature_temperature_2,12.8,2024-12-04T17:15:03.165Z
sensor.soverom_sensor_temperature_temperature_2,12.7,2024-12-04T18:15:05.479Z
sensor.soverom_sensor_temperature_temperature_2,12.6,2024-12-04T19:30:07.760Z
sensor.soverom_sensor_temperature_temperature_2,12.5,2024-12-04T20:15:09.930Z
sensor.soverom_sensor_temperature_temperature_2,12.6,2024-12-04T20:32:32.671Z
sensor.soverom_sensor_temperature_temperature_2,12.7,2024-12-04T20:45:12.003Z
sensor.soverom_sensor_temperature_temperature_2,12.8,2024-12-04T21:15:12.176Z
sensor.soverom_sensor_temperature_temperature_2,12.9,2024-12-04T21:27:27.640Z
sensor.soverom_sensor_temperature_temperature_2,13.0,2024-12-04T21:45:14.253Z
sensor.soverom_sensor_temperature_temperature_2,12.9,2024-12-04T22:00:14.360Z
sensor.soverom_sensor_temperature_temperature_2,13.0,2024-12-04T22:15:14.449Z
sensor.soverom_sensor_temperature_temperature_2,13.1,2024-12-04T22:30:16.564Z
sensor.soverom_sensor_temperature_temperature_2,13.2,2024-12-04T23:08:52.488Z
sensor.soverom_sensor_temperature_temperature_2,13.3,2024-12-05T00:00:18.875Z
sensor.soverom_sensor_temperature_temperature_2,13.4,2024-12-05T00:15:21.021Z
sensor.soverom_sensor_temperature_temperature_2,13.5,2024-12-05T00:45:21.082Z
sensor.soverom_sensor_temperature_temperature_2,13.6,2024-12-05T01:30:23.463Z
sensor.soverom_sensor_temperature_temperature_2,13.7,2024-12-05T01:49:14.039Z
sensor.soverom_sensor_temperature_temperature_2,13.8,2024-12-05T02:15:25.865Z
sensor.soverom_sensor_temperature_temperature_2,13.9,2024-12-05T03:15:28.419Z
sensor.soverom_sensor_temperature_temperature_2,14.0,2024-12-05T03:30:28.568Z
sensor.soverom_sensor_temperature_temperature_2,14.1,2024-12-05T04:15:30.974Z
sensor.soverom_sensor_temperature_temperature_2,14.0,2024-12-05T04:30:31.104Z
sensor.soverom_sensor_temperature_temperature_2,14.1,2024-12-05T05:00:33.243Z
sensor.soverom_sensor_temperature_temperature_2,14.0,2024-12-05T05:15:33.394Z
sensor.soverom_sensor_temperature_temperature_2,14.1,2024-12-05T05:41:43.141Z
sensor.soverom_sensor_temperature_temperature_2,14.2,2024-12-05T05:52:32.750Z
sensor.soverom_sensor_temperature_temperature_2,14.3,2024-12-05T06:15:35.871Z
sensor.soverom_sensor_temperature_temperature_2,14.6,2024-12-05T06:30:36.010Z
sensor.soverom_sensor_temperature_temperature_2,14.7,2024-12-05T07:00:38.134Z
sensor.soverom_sensor_temperature_temperature_2,14.6,2024-12-05T07:15:38.266Z
sensor.soverom_sensor_temperature_temperature_2,14.5,2024-12-05T07:31:33.249Z
sensor.soverom_sensor_temperature_temperature_2,14.4,2024-12-05T07:45:40.404Z
sensor.soverom_sensor_temperature_temperature_2,14.3,2024-12-05T08:00:40.441Z
sensor.soverom_sensor_temperature_temperature_2,14.2,2024-12-05T08:21:09.888Z
sensor.soverom_sensor_temperature_temperature_2,14.1,2024-12-05T09:00:42.747Z
sensor.soverom_sensor_temperature_temperature_2,14.0,2024-12-05T09:45:44.943Z
sensor.soverom_sensor_temperature_temperature_2,13.9,2024-12-05T10:15:45.127Z
sensor.soverom_sensor_temperature_temperature_2,13.8,2024-12-05T11:00:47.320Z
sensor.soverom_sensor_temperature_temperature_2,13.7,2024-12-05T12:15:51.706Z
sensor.soverom_sensor_temperature_temperature_2,13.6,2024-12-05T13:30:54.244Z
sensor.soverom_sensor_temperature_temperature_2,13.5,2024-12-05T14:50:53.338Z
sensor.soverom_sensor_temperature_temperature_2,13.4,2024-12-05T16:16:01.731Z
sensor.soverom_sensor_temperature_temperature_2,13.5,2024-12-05T16:31:01.866Z
sensor.soverom_sensor_temperature_temperature_2,13.4,2024-12-05T16:40:43.668Z
sensor.soverom_sensor_temperature_temperature_2,13.5,2024-12-05T17:01:04.009Z
sensor.soverom_sensor_temperature_temperature_2,13.4,2024-12-05T17:16:04.148Z
sensor.soverom_sensor_temperature_temperature_2,13.3,2024-12-05T17:46:06.229Z
sensor.soverom_sensor_temperature_temperature_2,13.4,2024-12-05T18:16:06.455Z
sensor.soverom_sensor_temperature_temperature_2,13.3,2024-12-05T18:30:33.649Z
sensor.soverom_sensor_temperature_temperature_2,13.4,2024-12-05T19:01:08.675Z
sensor.soverom_sensor_temperature_temperature_2,13.8,2024-12-05T19:16:08.819Z
sensor.soverom_sensor_temperature_temperature_2,14.1,2024-12-05T19:25:28.668Z
sensor.soverom_sensor_temperature_temperature_2,14.2,2024-12-05T19:30:49.018Z
sensor.soverom_sensor_temperature_temperature_2,14.3,2024-12-05T19:46:10.998Z
sensor.soverom_sensor_temperature_temperature_2,14.6,2024-12-05T20:01:11.104Z
sensor.soverom_sensor_temperature_temperature_2,14.5,2024-12-05T20:16:11.257Z
sensor.soverom_sensor_temperature_temperature_2,14.4,2024-12-05T20:20:23.766Z
sensor.soverom_sensor_temperature_temperature_2,14.3,2024-12-05T20:46:13.492Z
sensor.soverom_sensor_temperature_temperature_2,14.4,2024-12-05T21:31:15.925Z
sensor.soverom_sensor_temperature_temperature_2,14.3,2024-12-05T22:46:18.504Z
sensor.soverom_sensor_temperature_temperature_2,14.4,2024-12-05T23:01:18.576Z
sensor.soverom_sensor_temperature_temperature_2,14.5,2024-12-06T00:00:04.305Z
sensor.soverom_sensor_temperature_temperature_2,14.4,2024-12-06T00:01:23.160Z
sensor.soverom_sensor_temperature_temperature_2,14.5,2024-12-06T00:16:23.334Z
sensor.soverom_sensor_temperature_temperature_2,14.6,2024-12-06T00:31:23.453Z
sensor.soverom_sensor_temperature_temperature_2,14.7,2024-12-06T01:07:27.885Z
sensor.soverom_sensor_temperature_temperature_2,14.8,2024-12-06T02:31:28.568Z
sensor.soverom_sensor_temperature_temperature_2,14.9,2024-12-06T03:39:45.040Z
sensor.soverom_sensor_temperature_temperature_2,15.0,2024-12-06T05:46:37.837Z
sensor.soverom_sensor_temperature_temperature_2,15.2,2024-12-06T06:14:48.281Z
sensor.soverom_sensor_temperature_temperature_2,15.3,2024-12-06T06:24:30.104Z
sensor.soverom_sensor_temperature_temperature_2,15.4,2024-12-06T06:46:40.282Z
sensor.soverom_sensor_temperature_temperature_2,15.6,2024-12-06T07:01:40.381Z
sensor.soverom_sensor_temperature_temperature_2,15.7,2024-12-06T07:10:49.248Z
sensor.soverom_sensor_temperature_temperature_2,15.5,2024-12-06T07:46:42.766Z
sensor.soverom_sensor_temperature_temperature_2,15.4,2024-12-06T08:16:45.000Z
sensor.soverom_sensor_temperature_temperature_2,15.3,2024-12-06T08:31:45.118Z
sensor.soverom_sensor_temperature_temperature_2,15.2,2024-12-06T08:42:21.693Z
sensor.soverom_sensor_temperature_temperature_2,15.1,2024-12-06T09:09:15.278Z
sensor.soverom_sensor_temperature_temperature_2,15.0,2024-12-06T10:01:47.650Z
sensor.soverom_sensor_temperature_temperature_2,14.9,2024-12-06T10:16:49.846Z
sensor.soverom_sensor_temperature_temperature_2,14.8,2024-12-06T10:46:49.994Z
sensor.soverom_sensor_temperature_temperature_2,14.7,2024-12-06T11:12:06.855Z
sensor.soverom_sensor_temperature_temperature_2,14.8,2024-12-06T11:16:52.248Z
sensor.soverom_sensor_temperature_temperature_2,14.7,2024-12-06T11:31:52.316Z
sensor.soverom_sensor_temperature_temperature_2,14.6,2024-12-06T11:46:52.338Z
sensor.soverom_sensor_temperature_temperature_2,14.7,2024-12-06T11:54:00.442Z
sensor.soverom_sensor_temperature_temperature_2,14.6,2024-12-06T12:01:54.479Z
sensor.soverom_sensor_temperature_temperature_2,14.5,2024-12-06T13:01:56.939Z
sensor.soverom_sensor_temperature_temperature_2,14.4,2024-12-06T13:43:50.563Z
sensor.soverom_sensor_temperature_temperature_2,14.5,2024-12-06T13:46:59.169Z
sensor.soverom_sensor_temperature_temperature_2,14.4,2024-12-06T14:01:59.263Z
sensor.soverom_sensor_temperature_temperature_2,14.3,2024-12-06T14:31:59.538Z
sensor.soverom_sensor_temperature_temperature_2,14.4,2024-12-06T14:38:45.713Z
sensor.soverom_sensor_temperature_temperature_2,14.3,2024-12-06T14:47:01.627Z
sensor.soverom_sensor_temperature_temperature_2,14.4,2024-12-06T15:47:03.892Z
sensor.soverom_sensor_temperature_temperature_2,14.5,2024-12-06T16:17:04.078Z
sensor.soverom_sensor_temperature_temperature_2,14.6,2024-12-06T16:28:35.626Z
sensor.soverom_sensor_temperature_temperature_2,14.7,2024-12-06T16:32:06.181Z
sensor.soverom_sensor_temperature_temperature_2,14.8,2024-12-06T16:47:06.208Z
sensor.soverom_sensor_temperature_temperature_2,15.0,2024-12-06T17:02:06.277Z
sensor.soverom_sensor_temperature_temperature_2,15.2,2024-12-06T17:17:06.423Z
sensor.soverom_sensor_temperature_temperature_2,15.4,2024-12-06T17:23:30.626Z
sensor.soverom_sensor_temperature_temperature_2,15.5,2024-12-06T17:32:08.559Z
sensor.soverom_sensor_temperature_temperature_2,15.4,2024-12-06T18:02:08.729Z
sensor.soverom_sensor_temperature_temperature_2,15.6,2024-12-06T18:17:08.912Z
sensor.soverom_sensor_temperature_temperature_2,15.8,2024-12-06T18:29:26.459Z
sensor.soverom_sensor_temperature_temperature_2,15.7,2024-12-06T18:32:11.126Z
sensor.soverom_sensor_temperature_temperature_2,15.8,2024-12-06T18:47:11.230Z
sensor.soverom_sensor_temperature_temperature_2,15.9,2024-12-06T19:13:21.111Z
sensor.soverom_sensor_temperature_temperature_2,15.8,2024-12-06T20:02:13.981Z
sensor.soverom_sensor_temperature_temperature_2,15.9,2024-12-06T20:08:16.247Z
sensor.soverom_sensor_temperature_temperature_2,15.8,2024-12-06T20:32:16.395Z
sensor.soverom_sensor_temperature_temperature_2,15.7,2024-12-06T20:47:16.510Z
sensor.soverom_sensor_temperature_temperature_2,15.6,2024-12-06T21:02:16.644Z
sensor.soverom_sensor_temperature_temperature_2,15.7,2024-12-06T21:03:11.561Z
sensor.soverom_sensor_temperature_temperature_2,15.5,2024-12-06T21:17:18.909Z
sensor.soverom_sensor_temperature_temperature_2,15.4,2024-12-06T21:47:19.105Z
sensor.soverom_sensor_temperature_temperature_2,15.3,2024-12-06T21:58:06.765Z
sensor.soverom_sensor_temperature_temperature_2,15.4,2024-12-06T22:02:21.274Z
sensor.soverom_sensor_temperature_temperature_2,15.2,2024-12-06T22:04:22.023Z
sensor.soverom_sensor_temperature_temperature_2,15.3,2024-12-06T22:32:21.543Z
sensor.soverom_sensor_temperature_temperature_2,15.2,2024-12-06T23:17:23.933Z
sensor.soverom_sensor_temperature_temperature_2,15.4,2024-12-07T01:37:45.365Z
sensor.soverom_sensor_temperature_temperature_2,15.5,2024-12-07T02:12:22.084Z
sensor.soverom_sensor_temperature_temperature_2,15.4,2024-12-07T02:42:24.320Z
sensor.soverom_sensor_temperature_temperature_2,15.5,2024-12-07T02:57:24.381Z
sensor.soverom_sensor_temperature_temperature_2,15.6,2024-12-07T03:27:24.677Z
sensor.soverom_sensor_temperature_temperature_2,15.5,2024-12-07T03:57:26.933Z
sensor.soverom_sensor_temperature_temperature_2,15.6,2024-12-07T04:22:30.890Z
sensor.soverom_sensor_temperature_temperature_2,15.5,2024-12-07T04:27:29.284Z
sensor.soverom_sensor_temperature_temperature_2,15.6,2024-12-07T04:42:29.384Z
sensor.soverom_sensor_temperature_temperature_2,15.5,2024-12-07T04:57:29.520Z
sensor.soverom_sensor_temperature_temperature_2,15.6,2024-12-07T05:17:26.194Z
sensor.soverom_sensor_temperature_temperature_2,15.7,2024-12-07T06:12:21.470Z
sensor.soverom_sensor_temperature_temperature_2,15.6,2024-12-07T06:12:34.469Z
sensor.soverom_sensor_temperature_temperature_2,15.7,2024-12-07T07:12:37.110Z
sensor.soverom_sensor_temperature_temperature_2,15.8,2024-12-07T07:34:34.506Z
sensor.soverom_sensor_temperature_temperature_2,15.7,2024-12-07T07:42:37.488Z
sensor.soverom_sensor_temperature_temperature_2,15.8,2024-12-07T07:57:37.617Z
sensor.soverom_sensor_temperature_temperature_2,15.9,2024-12-07T08:12:39.879Z
sensor.soverom_sensor_temperature_temperature_2,16.0,2024-12-07T08:27:40.062Z
sensor.soverom_sensor_temperature_temperature_2,15.9,2024-12-07T08:57:07.480Z
sensor.soverom_sensor_temperature_temperature_2,15.8,2024-12-07T09:27:42.876Z
sensor.soverom_sensor_temperature_temperature_2,15.7,2024-12-07T09:52:02.924Z
sensor.soverom_sensor_temperature_temperature_2,15.6,2024-12-07T10:12:45.472Z
sensor.soverom_sensor_temperature_temperature_2,15.5,2024-12-07T10:46:58.258Z
sensor.soverom_sensor_temperature_temperature_2,15.7,2024-12-07T12:22:38.276Z
sensor.soverom_sensor_temperature_temperature_2,16.7,2024-12-07T12:23:03.427Z
sensor.soverom_sensor_temperature_temperature_2,16.8,2024-12-07T12:36:46.790Z
sensor.soverom_sensor_temperature_temperature_2,16.7,2024-12-07T13:31:42.200Z
sensor.soverom_sensor_temperature_temperature_2,16.9,2024-12-07T13:38:19.454Z
sensor.soverom_sensor_temperature_temperature_2,17.0,2024-12-07T13:53:19.560Z
sensor.soverom_sensor_temperature_temperature_2,17.1,2024-12-07T14:23:19.963Z
sensor.soverom_sensor_temperature_temperature_2,17.2,2024-12-07T14:26:37.582Z
sensor.soverom_sensor_temperature_temperature_2,17.3,2024-12-07T14:53:22.314Z
sensor.soverom_sensor_temperature_temperature_2,17.2,2024-12-07T15:08:22.494Z
sensor.soverom_sensor_temperature_temperature_2,17.1,2024-12-07T15:21:32.960Z
sensor.soverom_sensor_temperature_temperature_2,17.0,2024-12-07T15:23:24.768Z
sensor.soverom_sensor_temperature_temperature_2,16.9,2024-12-07T15:38:24.970Z
sensor.soverom_sensor_temperature_temperature_2,16.7,2024-12-07T15:53:25.139Z
sensor.soverom_sensor_temperature_temperature_2,16.6,2024-12-07T16:08:25.366Z
sensor.soverom_sensor_temperature_temperature_2,16.5,2024-12-07T16:23:27.654Z
sensor.soverom_sensor_temperature_temperature_2,16.4,2024-12-07T16:38:27.837Z
sensor.soverom_sensor_temperature_temperature_2,16.3,2024-12-07T16:53:27.939Z
sensor.soverom_sensor_temperature_temperature_2,16.2,2024-12-07T17:08:28.073Z
sensor.soverom_sensor_temperature_temperature_2,16.1,2024-12-07T17:23:30.351Z
sensor.soverom_sensor_temperature_temperature_2,16.0,2024-12-07T17:38:30.523Z
sensor.soverom_sensor_temperature_temperature_2,15.9,2024-12-07T18:06:19.074Z
sensor.soverom_sensor_temperature_temperature_2,15.8,2024-12-07T18:23:33.032Z
sensor.soverom_sensor_temperature_temperature_2,15.6,2024-12-07T18:52:27.446Z
sensor.soverom_sensor_temperature_temperature_2,15.7,2024-12-07T19:01:14.379Z
sensor.soverom_sensor_temperature_temperature_2,15.6,2024-12-07T19:08:35.475Z
sensor.soverom_sensor_temperature_temperature_2,15.4,2024-12-07T19:38:35.872Z
sensor.soverom_sensor_temperature_temperature_2,15.3,2024-12-07T20:08:38.123Z
sensor.soverom_sensor_temperature_temperature_2,15.2,2024-12-07T20:38:38.524Z
sensor.soverom_sensor_temperature_temperature_2,15.1,2024-12-07T21:04:28.321Z
sensor.soverom_sensor_temperature_temperature_2,15.0,2024-12-07T21:53:43.241Z
sensor.soverom_sensor_temperature_temperature_2,14.9,2024-12-07T22:23:43.616Z
sensor.soverom_sensor_temperature_temperature_2,14.8,2024-12-07T23:08:46.036Z
sensor.soverom_sensor_temperature_temperature_2,14.7,2024-12-07T23:35:50.724Z
sensor.soverom_sensor_temperature_temperature_2,14.9,2024-12-08T00:23:48.713Z
sensor.soverom_sensor_temperature_temperature_2,15.0,2024-12-08T00:30:45.867Z
sensor.soverom_sensor_temperature_temperature_2,15.2,2024-12-08T00:38:50.870Z
sensor.soverom_sensor_temperature_temperature_2,15.3,2024-12-08T00:53:50.956Z
sensor.soverom_sensor_temperature_temperature_2,15.2,2024-12-08T01:23:51.312Z
sensor.soverom_sensor_temperature_temperature_2,15.1,2024-12-08T02:08:53.643Z
sensor.soverom_sensor_temperature_temperature_2,15.0,2024-12-08T03:23:58.413Z
sensor.soverom_sensor_temperature_temperature_2,15.1,2024-12-08T03:38:58.549Z
sensor.soverom_sensor_temperature_temperature_2,15.2,2024-12-08T04:39:01.110Z
sensor.soverom_sensor_temperature_temperature_2,15.1,2024-12-08T05:05:21.763Z
sensor.soverom_sensor_temperature_temperature_2,15.2,2024-12-08T05:24:03.468Z
sensor.soverom_sensor_temperature_temperature_2,15.3,2024-12-08T08:45:02.542Z
sensor.soverom_sensor_temperature_temperature_2,15.4,2024-12-08T08:54:13.416Z
sensor.soverom_sensor_temperature_temperature_2,15.5,2024-12-08T09:09:13.552Z
sensor.soverom_sensor_temperature_temperature_2,15.6,2024-12-08T09:39:57.883Z
sensor.soverom_sensor_temperature_temperature_2,15.5,2024-12-08T09:54:16.056Z
sensor.soverom_sensor_temperature_temperature_2,15.7,2024-12-08T10:09:16.201Z
sensor.soverom_sensor_temperature_temperature_2,15.8,2024-12-08T10:54:18.607Z
sensor.soverom_sensor_temperature_temperature_2,15.9,2024-12-08T11:09:18.753Z
sensor.soverom_sensor_temperature_temperature_2,16.0,2024-12-08T11:24:18.975Z
sensor.soverom_sensor_temperature_temperature_2,15.9,2024-12-08T11:29:48.335Z
sensor.soverom_sensor_temperature_temperature_2,15.8,2024-12-08T12:24:21.723Z
sensor.soverom_sensor_temperature_temperature_2,15.7,2024-12-08T12:39:23.946Z
sensor.soverom_sensor_temperature_temperature_2,15.6,2024-12-08T12:54:24.057Z
sensor.soverom_sensor_temperature_temperature_2,15.5,2024-12-08T13:09:24.229Z
sensor.soverom_sensor_temperature_temperature_2,15.4,2024-12-08T13:19:39.023Z
sensor.soverom_sensor_temperature_temperature_2,15.3,2024-12-08T13:39:26.629Z
sensor.soverom_sensor_temperature_temperature_2,15.2,2024-12-08T13:54:26.710Z
sensor.soverom_sensor_temperature_temperature_2,15.1,2024-12-08T14:10:43.682Z
sensor.soverom_sensor_temperature_temperature_2,15.2,2024-12-08T14:14:34.260Z
sensor.soverom_sensor_temperature_temperature_2,15.1,2024-12-08T14:24:29.098Z
sensor.soverom_sensor_temperature_temperature_2,15.0,2024-12-08T14:39:29.227Z
sensor.soverom_sensor_temperature_temperature_2,14.9,2024-12-08T14:54:29.343Z
sensor.soverom_sensor_temperature_temperature_2,14.8,2024-12-08T15:24:31.659Z
sensor.soverom_sensor_temperature_temperature_2,14.7,2024-12-08T15:39:31.776Z
sensor.soverom_sensor_temperature_temperature_2,14.8,2024-12-08T16:24:34.080Z
sensor.soverom_sensor_temperature_temperature_2,14.9,2024-12-08T16:39:34.228Z
sensor.soverom_sensor_temperature_temperature_2,15.0,2024-12-08T17:09:36.476Z
sensor.soverom_sensor_temperature_temperature_2,15.1,2024-12-08T17:54:15.024Z
sensor.soverom_sensor_temperature_temperature_2,15.0,2024-12-08T17:54:38.999Z
sensor.soverom_sensor_temperature_temperature_2,15.1,2024-12-08T18:09:39.166Z
sensor.soverom_sensor_temperature_temperature_2,15.0,2024-12-08T18:49:10.298Z
sensor.soverom_sensor_temperature_temperature_2,15.1,2024-12-08T18:54:41.637Z
sensor.soverom_sensor_temperature_temperature_2,15.0,2024-12-08T19:09:41.776Z
sensor.soverom_sensor_temperature_temperature_2,14.9,2024-12-08T19:39:42.114Z
sensor.soverom_sensor_temperature_temperature_2,15.0,2024-12-08T19:44:05.534Z
sensor.soverom_sensor_temperature_temperature_2,15.1,2024-12-08T19:54:44.223Z
sensor.soverom_sensor_temperature_temperature_2,15.3,2024-12-08T20:09:44.389Z
sensor.soverom_sensor_temperature_temperature_2,15.5,2024-12-08T20:24:44.541Z
sensor.soverom_sensor_temperature_temperature_2,15.6,2024-12-08T20:29:18.970Z
sensor.soverom_sensor_temperature_temperature_2,15.7,2024-12-08T20:39:00.788Z
sensor.soverom_sensor_temperature_temperature_2,15.9,2024-12-08T20:54:46.818Z
sensor.soverom_sensor_temperature_temperature_2,16.1,2024-12-08T21:09:46.967Z
sensor.soverom_sensor_temperature_temperature_2,16.3,2024-12-08T21:24:47.211Z
sensor.soverom_sensor_temperature_temperature_2,16.4,2024-12-08T21:33:56.139Z
sensor.soverom_sensor_temperature_temperature_2,16.6,2024-12-08T22:09:49.741Z
sensor.soverom_sensor_temperature_temperature_2,16.7,2024-12-08T22:18:36.704Z
sensor.soverom_sensor_temperature_temperature_2,16.8,2024-12-08T22:39:52.123Z
sensor.soverom_sensor_temperature_temperature_2,16.9,2024-12-08T22:54:52.212Z
sensor.soverom_sensor_temperature_temperature_2,17.0,2024-12-08T23:09:52.360Z
sensor.soverom_sensor_temperature_temperature_2,17.1,2024-12-08T23:24:54.644Z
sensor.soverom_sensor_temperature_temperature_2,17.2,2024-12-08T23:44:40.187Z
sensor.soverom_sensor_temperature_temperature_2,17.3,2024-12-09T00:09:55.103Z
sensor.soverom_sensor_temperature_temperature_2,17.4,2024-12-09T00:18:42.075Z
sensor.soverom_sensor_temperature_temperature_2,17.5,2024-12-09T00:39:57.530Z
sensor.soverom_sensor_temperature_temperature_2,17.7,2024-12-09T00:59:54.055Z
sensor.soverom_sensor_temperature_temperature_2,17.8,2024-12-09T01:25:00.073Z
sensor.soverom_sensor_temperature_temperature_2,17.9,2024-12-09T01:40:00.293Z
sensor.soverom_sensor_temperature_temperature_2,18.0,2024-12-09T01:55:00.425Z
sensor.soverom_sensor_temperature_temperature_2,18.1,2024-12-09T02:25:02.882Z
sensor.soverom_sensor_temperature_temperature_2,18.2,2024-12-09T02:40:03.054Z
sensor.soverom_sensor_temperature_temperature_2,18.1,2024-12-09T02:55:03.167Z
sensor.soverom_sensor_temperature_temperature_2,18.0,2024-12-09T03:03:28.197Z
sensor.soverom_sensor_temperature_temperature_2,17.9,2024-12-09T03:25:05.680Z
sensor.soverom_sensor_temperature_temperature_2,18.0,2024-12-09T03:40:05.862Z
sensor.soverom_sensor_temperature_temperature_2,18.1,2024-12-09T03:55:05.993Z
sensor.soverom_sensor_temperature_temperature_2,18.0,2024-12-09T04:25:08.443Z
sensor.soverom_sensor_temperature_temperature_2,18.2,2024-12-09T05:38:32.351Z
sensor.soverom_sensor_temperature_temperature_2,18.1,2024-12-09T05:48:14.113Z
sensor.soverom_sensor_temperature_temperature_2,18.0,2024-12-09T06:43:09.277Z
sensor.soverom_sensor_temperature_temperature_2,17.8,2024-12-09T06:55:15.750Z
sensor.soverom_sensor_temperature_temperature_2,17.7,2024-12-09T06:59:06.279Z
sensor.soverom_sensor_temperature_temperature_2,17.6,2024-12-09T07:10:15.879Z
sensor.soverom_sensor_temperature_temperature_2,17.5,2024-12-09T07:25:16.014Z
sensor.soverom_sensor_temperature_temperature_2,17.4,2024-12-09T07:38:04.379Z
sensor.soverom_sensor_temperature_temperature_2,17.2,2024-12-09T08:10:18.210Z
sensor.soverom_sensor_temperature_temperature_2,17.1,2024-12-09T08:25:18.380Z
sensor.soverom_sensor_temperature_temperature_2,17.0,2024-12-09T08:55:20.487Z
sensor.soverom_sensor_temperature_temperature_2,16.9,2024-12-09T09:10:20.558Z
sensor.soverom_sensor_temperature_temperature_2,16.8,2024-12-09T09:55:22.889Z
sensor.soverom_sensor_temperature_temperature_2,16.9,2024-12-09T10:25:25.128Z
sensor.soverom_sensor_temperature_temperature_2,16.8,2024-12-09T10:55:25.315Z
sensor.soverom_sensor_temperature_temperature_2,16.7,2024-12-09T13:07:34.730Z
sensor.soverom_sensor_temperature_temperature_2,16.8,2024-12-09T13:10:32.378Z
sensor.soverom_sensor_temperature_temperature_2,16.7,2024-12-09T13:25:32.623Z
sensor.soverom_sensor_temperature_temperature_2,16.8,2024-12-09T13:40:32.768Z
sensor.soverom_sensor_temperature_temperature_2,16.7,2024-12-09T14:10:35.044Z
sensor.soverom_sensor_temperature_temperature_2,16.8,2024-12-09T14:25:35.232Z
sensor.soverom_sensor_temperature_temperature_2,16.7,2024-12-09T14:40:35.410Z
sensor.soverom_sensor_temperature_temperature_2,16.8,2024-12-09T14:55:35.514Z
sensor.soverom_sensor_temperature_temperature_2,16.9,2024-12-09T15:55:40.233Z
sensor.soverom_sensor_temperature_temperature_2,17.0,2024-12-09T17:40:43.191Z
sensor.soverom_sensor_temperature_temperature_2,16.9,2024-12-09T17:42:10.981Z
sensor.soverom_sensor_temperature_temperature_2,17.0,2024-12-09T17:55:45.268Z
sensor.soverom_sensor_temperature_temperature_2,17.1,2024-12-09T19:10:47.739Z
sensor.soverom_sensor_temperature_temperature_2,17.2,2024-12-09T19:32:01.126Z
sensor.soverom_sensor_temperature_temperature_2,17.3,2024-12-09T20:10:50.155Z
sensor.soverom_sensor_temperature_temperature_2,17.4,2024-12-09T20:25:50.295Z
sensor.soverom_sensor_temperature_temperature_2,17.3,2024-12-09T20:26:56.167Z
sensor.soverom_sensor_temperature_temperature_2,17.4,2024-12-09T20:40:52.426Z
sensor.soverom_sensor_temperature_temperature_2,17.5,2024-12-09T21:10:52.560Z
sensor.soverom_sensor_temperature_temperature_2,17.6,2024-12-09T21:55:54.936Z
sensor.soverom_sensor_temperature_temperature_2,17.7,2024-12-09T21:57:55.692Z
sensor.soverom_sensor_temperature_temperature_2,17.8,2024-12-09T22:10:55.125Z
sensor.soverom_sensor_temperature_temperature_2,17.9,2024-12-09T22:16:46.456Z
sensor.soverom_sensor_temperature_temperature_2,18.0,2024-12-09T22:25:57.372Z
sensor.soverom_sensor_temperature_temperature_2,18.2,2024-12-09T22:38:23.833Z
sensor.soverom_sensor_temperature_temperature_2,18.3,2024-12-09T22:55:57.636Z
sensor.soverom_sensor_temperature_temperature_2,18.2,2024-12-09T23:26:00.066Z
sensor.soverom_sensor_temperature_temperature_2,18.1,2024-12-09T23:41:00.235Z
sensor.soverom_sensor_temperature_temperature_2,18.0,2024-12-09T23:56:00.322Z
sensor.soverom_sensor_temperature_temperature_2,17.9,2024-12-10T00:06:37.057Z
sensor.soverom_sensor_temperature_temperature_2,18.1,2024-12-10T00:41:02.868Z
sensor.soverom_sensor_temperature_temperature_2,18.0,2024-12-10T01:41:05.567Z
sensor.soverom_sensor_temperature_temperature_2,18.1,2024-12-10T02:26:07.974Z
sensor.soverom_sensor_temperature_temperature_2,18.2,2024-12-10T02:51:22.786Z
sensor.soverom_sensor_temperature_temperature_2,18.1,2024-12-10T03:26:10.522Z
sensor.soverom_sensor_temperature_temperature_2,17.9,2024-12-10T03:41:10.642Z
sensor.soverom_sensor_temperature_temperature_2,18.1,2024-12-10T04:26:13.076Z
sensor.soverom_sensor_temperature_temperature_2,18.2,2024-12-10T04:41:13.241Z
sensor.soverom_sensor_temperature_temperature_2,18.1,2024-12-10T04:56:15.354Z
sensor.soverom_sensor_temperature_temperature_2,18.0,2024-12-10T05:11:15.468Z
sensor.soverom_sensor_temperature_temperature_2,18.1,2024-12-10T05:36:08.493Z
sensor.soverom_sensor_temperature_temperature_2,18.0,2024-12-10T06:11:18.136Z
sensor.soverom_sensor_temperature_temperature_2,18.2,2024-12-10T06:56:20.743Z
sensor.soverom_sensor_temperature_temperature_2,18.3,2024-12-10T07:11:20.918Z
sensor.soverom_sensor_temperature_temperature_2,18.2,2024-12-10T07:26:23.232Z
sensor.soverom_sensor_temperature_temperature_2,18.1,2024-12-10T07:41:23.393Z
sensor.soverom_sensor_temperature_temperature_2,17.9,2024-12-10T07:56:23.476Z
sensor.soverom_sensor_temperature_temperature_2,17.8,2024-12-10T08:11:23.671Z
sensor.soverom_sensor_temperature_temperature_2,17.7,2024-12-10T08:26:25.936Z
sensor.soverom_sensor_temperature_temperature_2,17.8,2024-12-10T08:41:26.121Z
sensor.soverom_sensor_temperature_temperature_2,18.0,2024-12-10T08:56:26.208Z
sensor.soverom_sensor_temperature_temperature_2,18.1,2024-12-10T09:11:26.369Z
sensor.soverom_sensor_temperature_temperature_2,18.0,2024-12-10T09:56:29.003Z
sensor.soverom_sensor_temperature_temperature_2,17.9,2024-12-10T10:10:45.293Z
sensor.soverom_sensor_temperature_temperature_2,18.0,2024-12-10T10:41:31.603Z
sensor.soverom_sensor_temperature_temperature_2,18.2,2024-12-10T10:56:31.716Z
sensor.soverom_sensor_temperature_temperature_2,18.1,2024-12-10T11:26:34.141Z
sensor.soverom_sensor_temperature_temperature_2,17.8,2024-12-10T11:56:34.458Z
sensor.soverom_sensor_temperature_temperature_2,17.9,2024-12-10T12:26:36.954Z
sensor.soverom_sensor_temperature_temperature_2,18.1,2024-12-10T12:55:31.493Z
sensor.soverom_sensor_temperature_temperature_2,18.0,2024-12-10T13:41:39.873Z
sensor.soverom_sensor_temperature_temperature_2,17.9,2024-12-10T13:50:26.749Z
sensor.soverom_sensor_temperature_temperature_2,18.0,2024-12-10T14:11:42.144Z
sensor.soverom_sensor_temperature_temperature_2,18.1,2024-12-10T14:26:42.310Z
sensor.soverom_sensor_temperature_temperature_2,18.0,2024-12-10T14:56:44.521Z
sensor.soverom_sensor_temperature_temperature_2,18.1,2024-12-10T15:40:17.187Z
sensor.soverom_sensor_temperature_temperature_2,18.2,2024-12-10T15:56:47.086Z
sensor.soverom_sensor_temperature_temperature_2,18.1,2024-12-10T16:11:47.269Z
sensor.soverom_sensor_temperature_temperature_2,18.0,2024-12-10T16:26:47.428Z
sensor.soverom_sensor_temperature_temperature_2,17.9,2024-12-10T16:41:49.589Z
sensor.soverom_sensor_temperature_temperature_2,18.0,2024-12-10T16:56:49.618Z
sensor.soverom_sensor_temperature_temperature_2,18.1,2024-12-10T17:11:49.760Z
sensor.soverom_sensor_temperature_temperature_2,18.0,2024-12-10T17:56:52.067Z
sensor.soverom_sensor_temperature_temperature_2,17.9,2024-12-10T18:11:52.239Z
sensor.soverom_sensor_temperature_temperature_2,18.0,2024-12-10T18:25:02.618Z
sensor.soverom_sensor_temperature_temperature_2,18.1,2024-12-10T18:41:54.511Z
sensor.soverom_sensor_temperature_temperature_2,18.0,2024-12-10T19:19:57.774Z
sensor.soverom_sensor_temperature_temperature_2,18.1,2024-12-10T19:56:57.048Z
sensor.soverom_sensor_temperature_temperature_2,18.0,2024-12-10T20:11:57.235Z
sensor.soverom_sensor_temperature_temperature_2,18.3,2024-12-10T20:41:59.552Z
sensor.soverom_sensor_temperature_temperature_2,18.4,2024-12-10T20:56:59.638Z
sensor.soverom_sensor_temperature_temperature_2,18.3,2024-12-10T21:57:02.549Z
sensor.soverom_sensor_temperature_temperature_2,18.2,2024-12-10T22:12:04.725Z
sensor.soverom_sensor_temperature_temperature_2,18.1,2024-12-10T22:27:04.891Z
sensor.soverom_sensor_temperature_temperature_2,18.0,2024-12-10T22:57:05.046Z
sensor.soverom_sensor_temperature_temperature_2,18.1,2024-12-10T23:27:07.568Z
sensor.soverom_sensor_temperature_temperature_2,18.2,2024-12-10T23:42:07.694Z
sensor.soverom_sensor_temperature_temperature_2,18.3,2024-12-10T23:54:34.127Z
sensor.soverom_sensor_temperature_temperature_2,18.2,2024-12-11T00:27:10.159Z
sensor.soverom_sensor_temperature_temperature_2,18.1,2024-12-11T00:42:10.254Z
sensor.soverom_sensor_temperature_temperature_2,18.0,2024-12-11T01:12:12.554Z
sensor.soverom_sensor_temperature_temperature_2,18.1,2024-12-11T01:27:12.852Z
sensor.soverom_sensor_temperature_temperature_2,18.0,2024-12-11T02:27:15.572Z
sensor.soverom_sensor_temperature_temperature_2,18.2,2024-12-11T02:57:17.793Z
sensor.soverom_sensor_temperature_temperature_2,18.3,2024-12-11T03:12:17.956Z
sensor.soverom_sensor_temperature_temperature_2,18.2,2024-12-11T03:42:20.230Z
sensor.soverom_sensor_temperature_temperature_2,18.1,2024-12-11T04:12:20.462Z
sensor.soverom_sensor_temperature_temperature_2,18.0,2024-12-11T04:27:20.603Z
sensor.soverom_sensor_temperature_temperature_2,18.1,2024-12-11T04:57:22.867Z
sensor.soverom_sensor_temperature_temperature_2,18.2,2024-12-11T05:12:23.039Z
sensor.soverom_sensor_temperature_temperature_2,18.3,2024-12-11T05:57:25.449Z
sensor.soverom_sensor_temperature_temperature_2,18.4,2024-12-11T06:27:27.833Z
sensor.soverom_sensor_temperature_temperature_2,18.3,2024-12-11T06:42:27.948Z
sensor.soverom_sensor_temperature_temperature_2,18.2,2024-12-11T06:57:28.058Z
sensor.soverom_sensor_temperature_temperature_2,18.1,2024-12-11T07:13:56.104Z
sensor.soverom_sensor_temperature_temperature_2,17.9,2024-12-11T07:27:30.449Z
sensor.soverom_sensor_temperature_temperature_2,17.7,2024-12-11T07:42:30.551Z
sensor.soverom_sensor_temperature_temperature_2,17.6,2024-12-11T07:57:30.637Z
sensor.soverom_sensor_temperature_temperature_2,17.7,2024-12-11T09:03:46.482Z
sensor.soverom_sensor_temperature_temperature_2,17.8,2024-12-11T09:27:35.582Z
sensor.soverom_sensor_temperature_temperature_2,17.9,2024-12-11T09:58:41.678Z
sensor.soverom_sensor_temperature_temperature_2,18.0,2024-12-11T10:27:38.268Z
sensor.soverom_sensor_temperature_temperature_2,18.1,2024-12-11T10:42:38.337Z
sensor.soverom_sensor_temperature_temperature_2,18.0,2024-12-11T12:57:45.660Z
sensor.soverom_sensor_temperature_temperature_2,18.1,2024-12-11T13:38:22.698Z
sensor.soverom_sensor_temperature_temperature_2,18.2,2024-12-11T13:53:02.789Z
sensor.soverom_sensor_temperature_temperature_2,18.1,2024-12-11T13:57:48.170Z
sensor.soverom_sensor_temperature_temperature_2,18.0,2024-12-11T14:42:50.573Z
sensor.soverom_sensor_temperature_temperature_2,18.1,2024-12-11T15:28:12.866Z
sensor.soverom_sensor_temperature_temperature_2,18.0,2024-12-11T16:12:53.188Z
sensor.soverom_sensor_temperature_temperature_2,18.1,2024-12-11T16:42:55.519Z
